{
  "project_info": {
    "project_number": "1025728175380",
    "firebase_url": "https://smartpostureandroid-default-rtdb.asia-southeast1.firebasedatabase.app",
    "project_id": "smartpostureandroid",
    "storage_bucket": "smartpostureandroid.firebasestorage.app"
  },
  "client": [
    {
      "client_info": {
        "mobilesdk_app_id": "1:1025728175380:android:4dfbd072f7ba5dfc75b601",
        "android_client_info": {
          "package_name": "com.example.smartpostureandroid"
        }
      },
      "oauth_client": [],
      "api_key": [
        {
          "current_key": "AIzaSyDb5zLy4rP7ecxircEEzuFOyvmdQJqaBDY"
        }
      ],
      "services": {
        "appinvite_service": {
          "other_platform_oauth_client": []
        }
      }
    }
  ],
  "configuration_version": "1"
}